/about  /About/about.html   200!

/work-credits   /Work-Credits/work-credits.html     200!

/projects   /Projects/projects.html     200!

/itp-blog   /ITP-Blog/itp-blog.html     200!
/itp-blog/research-residency    /ITP-Blog/Research-Residency/residency.html     200!
/itp-blog/thesis    /ITP-Blog/Thesis/thesis-adm.html   200!

/contact    /Contact/contact.html   200!

